site,month,chlorophyll_mg_m3
Ras Laffan,2018-01,0.654
Ras Laffan,2018-02,0.667
Ras Laffan,2018-03,0.743
Ras Laffan,2018-04,0.918
Ras Laffan,2018-05,1.54
Ras Laffan,2018-06,1.894
Ras Laffan,2018-07,1.949
Ras Laffan,2018-08,1.84
Ras Laffan,2018-09,3.072
Ras Laffan,2018-10,2.942
Ras Laffan,2018-11,1.401
Ras Laffan,2018-12,1.012
Ras Laffan,2019-01,0.901
Ras Laffan,2019-02,0.768
Ras Laffan,2019-03,0.867
Ras Laffan,2019-04,1.001
Ras Laffan,2019-05,1.84
Ras Laffan,2019-06,1.833
Ras Laffan,2019-07,1.512
Ras Laffan,2019-08,1.979
Ras Laffan,2019-09,1.985
Ras Laffan,2019-10,2.048
Ras Laffan,2019-11,1.396
Ras Laffan,2019-12,1.103
Ras Laffan,2020-01,0.818
Ras Laffan,2020-02,0.723
Ras Laffan,2020-03,0.71
Ras Laffan,2020-04,1.331
Ras Laffan,2020-05,1.524
Ras Laffan,2020-06,1.453
Ras Laffan,2020-07,2.38
Ras Laffan,2020-08,2.19
Ras Laffan,2020-09,2.718
Ras Laffan,2020-10,2.062
Ras Laffan,2020-11,1.364
Ras Laffan,2020-12,0.984
Ras Laffan,2021-01,0.759
Ras Laffan,2021-02,0.773
Ras Laffan,2021-03,0.829
Ras Laffan,2021-04,1.002
Ras Laffan,2021-05,1.475
Ras Laffan,2021-06,1.54
Ras Laffan,2021-07,2.09
Ras Laffan,2021-08,2.77
Ras Laffan,2021-09,1.961
Ras Laffan,2021-10,1.659
Ras Laffan,2021-11,1.0
Ras Laffan,2021-12,0.892
Ras Laffan,2022-01,0.705
Ras Laffan,2022-02,0.546
Ras Laffan,2022-03,0.701
Ras Laffan,2022-04,0.703
Ras Laffan,2022-05,1.027
Ras Laffan,2022-06,1.392
Ras Laffan,2022-07,3.099
Ras Laffan,2022-08,2.894
Ras Laffan,2022-09,2.083
Ras Laffan,2022-10,1.952
Ras Laffan,2022-11,1.614
Ras Laffan,2022-12,1.058
Ras Laffan,2023-01,0.809
Ras Laffan,2023-02,0.749
Ras Laffan,2023-03,0.797
Ras Laffan,2023-04,0.757
Ras Laffan,2023-05,1.406
Ras Laffan,2023-06,1.591
Ras Laffan,2023-07,1.641
Ras Laffan,2023-08,2.7
Ras Laffan,2023-09,2.416
Ras Laffan,2023-10,1.919
Ras Laffan,2023-11,1.203
Ras Laffan,2023-12,0.873
Ras Laffan,2024-01,0.682
Ras Laffan,2024-02,0.591
Ras Laffan,2024-03,0.692
Ras Laffan,2024-04,0.951
Ras Laffan,2024-05,1.081
Ras Laffan,2024-06,1.674
Ras Laffan,2024-07,1.975
Ras Laffan,2024-08,2.292
Ras Laffan,2024-09,2.596
Ras Laffan,2024-10,1.999
Ras Laffan,2024-11,0.925
Ras Laffan,2024-12,0.87
Ras Laffan,2025-01,0.751
Ras Laffan,2025-02,0.774
Ras Laffan,2025-03,1.322
Ras Laffan,2025-04,1.063
Ras Laffan,2025-05,1.394
Ras Laffan,2025-06,1.412
Ras Laffan,2025-07,1.843
Ras Laffan,2025-08,3.046
Ras Laffan,2025-09,2.031
Ras Laffan,2025-10,1.484
Ras Laffan,2025-11,1.088
Ras Laffan,2025-12,0.961
Ras Laffan,2026-01,0.764
Ras Laffan,2026-02,0.673
Ras Laffan,2026-03,0.866
Ras Laffan,2026-04,1.007
Ras Laffan,2026-05,1.559
Ras Laffan,2026-06,1.298
Ras Laffan,2026-07,1.814
Ras Laffan,2026-08,3.678
Ras Abu Fontas,2018-01,0.852
Ras Abu Fontas,2018-02,0.793
Ras Abu Fontas,2018-03,0.971
Ras Abu Fontas,2018-04,1.393
Ras Abu Fontas,2018-05,1.836
Ras Abu Fontas,2018-06,2.145
Ras Abu Fontas,2018-07,2.273
Ras Abu Fontas,2018-08,2.681
Ras Abu Fontas,2018-09,2.914
Ras Abu Fontas,2018-10,2.743
Ras Abu Fontas,2018-11,2.061
Ras Abu Fontas,2018-12,1.329
Ras Abu Fontas,2019-01,0.964
Ras Abu Fontas,2019-02,0.654
Ras Abu Fontas,2019-03,0.747
Ras Abu Fontas,2019-04,1.132
Ras Abu Fontas,2019-05,1.932
Ras Abu Fontas,2019-06,2.532
Ras Abu Fontas,2019-07,2.304
Ras Abu Fontas,2019-08,2.431
Ras Abu Fontas,2019-09,2.637
Ras Abu Fontas,2019-10,3.149
Ras Abu Fontas,2019-11,1.948
Ras Abu Fontas,2019-12,1.246
Ras Abu Fontas,2020-01,0.965
Ras Abu Fontas,2020-02,0.772
Ras Abu Fontas,2020-03,0.81
Ras Abu Fontas,2020-04,1.379
Ras Abu Fontas,2020-05,1.987
Ras Abu Fontas,2020-06,1.926
Ras Abu Fontas,2020-07,2.904
Ras Abu Fontas,2020-08,3.286
Ras Abu Fontas,2020-09,2.528
Ras Abu Fontas,2020-10,2.317
Ras Abu Fontas,2020-11,1.629
Ras Abu Fontas,2020-12,1.235
Ras Abu Fontas,2021-01,1.049
Ras Abu Fontas,2021-02,0.815
Ras Abu Fontas,2021-03,1.019
Ras Abu Fontas,2021-04,1.265
Ras Abu Fontas,2021-05,1.939
Ras Abu Fontas,2021-06,2.061
Ras Abu Fontas,2021-07,2.841
Ras Abu Fontas,2021-08,3.537
Ras Abu Fontas,2021-09,2.282
Ras Abu Fontas,2021-10,2.003
Ras Abu Fontas,2021-11,1.373
Ras Abu Fontas,2021-12,0.985
Ras Abu Fontas,2022-01,0.935
Ras Abu Fontas,2022-02,0.693
Ras Abu Fontas,2022-03,0.886
Ras Abu Fontas,2022-04,1.077
Ras Abu Fontas,2022-05,1.174
Ras Abu Fontas,2022-06,2.018
Ras Abu Fontas,2022-07,2.588
Ras Abu Fontas,2022-08,3.248
Ras Abu Fontas,2022-09,2.587
Ras Abu Fontas,2022-10,2.208
Ras Abu Fontas,2022-11,1.801
Ras Abu Fontas,2022-12,1.445
Ras Abu Fontas,2023-01,0.906
Ras Abu Fontas,2023-02,0.817
Ras Abu Fontas,2023-03,1.071
Ras Abu Fontas,2023-04,1.034
Ras Abu Fontas,2023-05,1.67
Ras Abu Fontas,2023-06,2.199
Ras Abu Fontas,2023-07,2.168
Ras Abu Fontas,2023-08,3.65
Ras Abu Fontas,2023-09,3.045
Ras Abu Fontas,2023-10,2.826
Ras Abu Fontas,2023-11,1.854
Ras Abu Fontas,2023-12,1.2
Ras Abu Fontas,2024-01,0.852
Ras Abu Fontas,2024-02,0.764
Ras Abu Fontas,2024-03,0.975
Ras Abu Fontas,2024-04,1.179
Ras Abu Fontas,2024-05,1.845
Ras Abu Fontas,2024-06,2.193
Ras Abu Fontas,2024-07,2.749
Ras Abu Fontas,2024-08,3.135
Ras Abu Fontas,2024-09,2.965
Ras Abu Fontas,2024-10,3.173
Ras Abu Fontas,2024-11,1.548
Ras Abu Fontas,2024-12,1.291
Ras Abu Fontas,2025-01,0.937
Ras Abu Fontas,2025-02,0.991
Ras Abu Fontas,2025-03,1.161
Ras Abu Fontas,2025-04,1.476
Ras Abu Fontas,2025-05,1.859
Ras Abu Fontas,2025-06,2.387
Ras Abu Fontas,2025-07,2.474
Ras Abu Fontas,2025-08,3.456
Ras Abu Fontas,2025-09,3.11
Ras Abu Fontas,2025-10,2.391
Ras Abu Fontas,2025-11,1.92
Ras Abu Fontas,2025-12,1.539
Ras Abu Fontas,2026-01,1.21
Ras Abu Fontas,2026-02,1.071
Ras Abu Fontas,2026-03,1.136
Ras Abu Fontas,2026-04,1.593
Ras Abu Fontas,2026-05,1.731
Ras Abu Fontas,2026-06,2.07
Ras Abu Fontas,2026-07,2.104
Ras Abu Fontas,2026-08,4.751
Umm Al Houl,2018-01,1.496
Umm Al Houl,2018-02,1.026
Umm Al Houl,2018-03,1.472
Umm Al Houl,2018-04,1.743
Umm Al Houl,2018-05,2.551
Umm Al Houl,2018-06,2.624
Umm Al Houl,2018-07,2.924
Umm Al Houl,2018-08,3.196
Umm Al Houl,2018-09,3.548
Umm Al Houl,2018-10,2.856
Umm Al Houl,2018-11,1.958
Umm Al Houl,2018-12,1.844
Umm Al Houl,2019-01,1.519
Umm Al Houl,2019-02,1.122
Umm Al Houl,2019-03,1.432
Umm Al Houl,2019-04,1.759
Umm Al Houl,2019-05,2.754
Umm Al Houl,2019-06,3.436
Umm Al Houl,2019-07,3.296
Umm Al Houl,2019-08,3.464
Umm Al Houl,2019-09,4.136
Umm Al Houl,2019-10,4.596
Umm Al Houl,2019-11,2.924
Umm Al Houl,2019-12,2.014
Umm Al Houl,2020-01,1.819
Umm Al Houl,2020-02,1.857
Umm Al Houl,2020-03,1.535
Umm Al Houl,2020-04,2.224
Umm Al Houl,2020-05,3.118
Umm Al Houl,2020-06,3.379
Umm Al Houl,2020-07,3.707
Umm Al Houl,2020-08,4.121
Umm Al Houl,2020-09,3.899
Umm Al Houl,2020-10,3.956
Umm Al Houl,2020-11,2.361
Umm Al Houl,2020-12,2.21
Umm Al Houl,2021-01,1.805
Umm Al Houl,2021-02,2.033
Umm Al Houl,2021-03,2.197
Umm Al Houl,2021-04,2.609
Umm Al Houl,2021-05,3.093
Umm Al Houl,2021-06,3.809
Umm Al Houl,2021-07,3.707
Umm Al Houl,2021-08,4.764
Umm Al Houl,2021-09,3.64
Umm Al Houl,2021-10,2.707
Umm Al Houl,2021-11,1.963
Umm Al Houl,2021-12,1.542
Umm Al Houl,2022-01,1.252
Umm Al Houl,2022-02,1.437
Umm Al Houl,2022-03,1.66
Umm Al Houl,2022-04,1.907
Umm Al Houl,2022-05,2.067
Umm Al Houl,2022-06,3.129
Umm Al Houl,2022-07,3.147
Umm Al Houl,2022-08,3.992
Umm Al Houl,2022-09,3.547
Umm Al Houl,2022-10,3.358
Umm Al Houl,2022-11,2.413
Umm Al Houl,2022-12,2.216
Umm Al Houl,2023-01,1.667
Umm Al Houl,2023-02,1.714
Umm Al Houl,2023-03,2.056
Umm Al Houl,2023-04,1.953
Umm Al Houl,2023-05,3.359
Umm Al Houl,2023-06,3.279
Umm Al Houl,2023-07,3.328
Umm Al Houl,2023-08,4.921
Umm Al Houl,2023-09,4.231
Umm Al Houl,2023-10,3.288
Umm Al Houl,2023-11,2.177
Umm Al Houl,2023-12,1.688
Umm Al Houl,2024-01,1.345
Umm Al Houl,2024-02,1.336
Umm Al Houl,2024-03,1.746
Umm Al Houl,2024-04,2.255
Umm Al Houl,2024-05,3.023
Umm Al Houl,2024-06,3.625
Umm Al Houl,2024-07,3.999
Umm Al Houl,2024-08,4.084
Umm Al Houl,2024-09,4.059
Umm Al Houl,2024-10,3.568
Umm Al Houl,2024-11,2.613
Umm Al Houl,2024-12,2.335
Umm Al Houl,2025-01,2.048
Umm Al Houl,2025-02,1.81
Umm Al Houl,2025-03,2.319
Umm Al Houl,2025-04,2.599
Umm Al Houl,2025-05,3.315
Umm Al Houl,2025-06,3.494
Umm Al Houl,2025-07,3.648
Umm Al Houl,2025-08,4.375
Umm Al Houl,2025-09,5.614
Umm Al Houl,2025-10,4.064
Umm Al Houl,2025-11,2.916
Umm Al Houl,2025-12,2.604
Umm Al Houl,2026-01,2.647
Umm Al Houl,2026-02,2.672
Umm Al Houl,2026-03,2.596
Umm Al Houl,2026-04,2.828
Umm Al Houl,2026-05,3.785
Umm Al Houl,2026-06,4.212
Umm Al Houl,2026-07,3.322
Umm Al Houl,2026-08,5.743
